{
  "hash": "14f0e0c2",
  "configHash": "f057cb36",
  "lockfileHash": "4b6c07ba",
  "browserHash": "4fde6186",
  "optimized": {
    "@angular/common": {
      "src": "../../../../../../node_modules/@angular/common/fesm2022/common.mjs",
      "file": "@angular_common.js",
      "fileHash": "4f5d29c6",
      "needsInterop": false
    },
    "@angular/core": {
      "src": "../../../../../../node_modules/@angular/core/fesm2022/core.mjs",
      "file": "@angular_core.js",
      "fileHash": "ff72d57f",
      "needsInterop": false
    },
    "@angular/forms": {
      "src": "../../../../../../node_modules/@angular/forms/fesm2022/forms.mjs",
      "file": "@angular_forms.js",
      "fileHash": "cdbc075e",
      "needsInterop": false
    },
    "@angular/platform-browser": {
      "src": "../../../../../../node_modules/@angular/platform-browser/fesm2022/platform-browser.mjs",
      "file": "@angular_platform-browser.js",
      "fileHash": "17f7fd50",
      "needsInterop": false
    },
    "@angular/router": {
      "src": "../../../../../../node_modules/@angular/router/fesm2022/router.mjs",
      "file": "@angular_router.js",
      "fileHash": "40b136d0",
      "needsInterop": false
    },
    "zone.js": {
      "src": "../../../../../../node_modules/zone.js/fesm2015/zone.js",
      "file": "zone__js.js",
      "fileHash": "11eb34de",
      "needsInterop": true
    },
    "@angular/common/http": {
      "src": "../../../../../../node_modules/@angular/common/fesm2022/http.mjs",
      "file": "@angular_common_http.js",
      "fileHash": "6d3f64b9",
      "needsInterop": false
    }
  },
  "chunks": {
    "chunk-QYJX4XWZ": {
      "file": "chunk-QYJX4XWZ.js"
    },
    "chunk-OIA2ASYS": {
      "file": "chunk-OIA2ASYS.js"
    },
    "chunk-6VBRXWQK": {
      "file": "chunk-6VBRXWQK.js"
    },
    "chunk-W2WIUP6R": {
      "file": "chunk-W2WIUP6R.js"
    },
    "chunk-NRPQQNF4": {
      "file": "chunk-NRPQQNF4.js"
    },
    "chunk-GOMI4DH3": {
      "file": "chunk-GOMI4DH3.js"
    }
  }
}